,store_id,store_type,store_brand,store_name,store_addr,store_geo_lat,store_geo_lng
0,-,패스트푸드,롯데리아,롯데리아 역삼점,서울 강남구 테헤란로 116,37.49848206,127.0305315
0,-,패스트푸드,롯데리아,롯데리아 길동점,서울 강동구 천호대로 1124,37.53433608,127.1361921
0,-,패스트푸드,롯데리아,롯데리아 선릉점,서울 강남구 테헤란로 316,37.50307813,127.0455376
0,-,패스트푸드,롯데리아,롯데리아 구로디지털역점,서울 관악구 시흥대로 578,37.48430905,126.9032473
0,-,패스트푸드,롯데리아,롯데리아 학동역점,서울 강남구 학동로 219,37.51499444,127.0331261
0,-,패스트푸드,롯데리아,롯데리아 종각역점,서울 종로구 종로 68,37.56989225,126.9849474
0,-,패스트푸드,롯데리아,롯데리아 강남우성사거리점,서울 강남구 강남대로 334,37.49299341,127.0304721
0,-,패스트푸드,롯데리아,롯데리아 성신여대점,서울 성북구 동소문로 117,37.59369586,127.0177256
0,-,패스트푸드,롯데리아,롯데리아 신촌로터리점,서울 마포구 서강로 137,37.55466827,126.9355938
0,-,패스트푸드,롯데리아,롯데리아 창천점,서울 서대문구 신촌로 15,37.55827174,126.9287374
0,-,패스트푸드,롯데리아,롯데리아 서대문역점,서울 서대문구 통일로 127,37.56585672,126.9659989
0,-,패스트푸드,롯데리아,롯데리아 동대문역사문화공원역점,서울 중구 을지로 255,37.56645086,127.0065988
0,-,패스트푸드,롯데리아,롯데리아 숙대입구역점,서울 용산구 한강대로 283,37.54343813,126.9719578
0,-,패스트푸드,롯데리아,롯데리아 번동DT점,서울 강북구 한천로 963,37.63556362,127.0328871
0,-,패스트푸드,롯데리아,롯데리아 남부터미널점,서울 서초구 효령로 289,37.48512949,127.0158449
0,-,패스트푸드,롯데리아,롯데리아 서울대입구역점,서울 관악구 관악로 165,37.48006583,126.9521105
0,-,패스트푸드,롯데리아,롯데리아 사당점,서울 서초구 동작대로 24,37.47866249,126.9821522
0,-,패스트푸드,롯데리아,롯데리아 신도림역점,서울 구로구 경인로 661,37.50904922,126.8869873
0,-,패스트푸드,롯데리아,롯데리아 불광점,서울 은평구 통일로 741,37.61142682,126.9286116
0,-,패스트푸드,롯데리아,롯데리아 노량진점,서울 동작구 장승배기로 171,37.5130172,126.9399449
0,-,패스트푸드,롯데리아,롯데리아 응암점,서울 은평구 은평로 136,37.60026321,126.9230389
0,-,패스트푸드,롯데리아,롯데리아 군자점,서울 광진구 천호대로 548,37.55691798,127.0789357
0,-,패스트푸드,롯데리아,롯데리아 응암오거리점,서울 은평구 응암로 177,37.58790373,126.9163618
0,-,패스트푸드,롯데리아,롯데리아 신림녹두점,서울 관악구 신림로23길 16,37.47048117,126.9344768
0,-,패스트푸드,롯데리아,롯데리아 신림역점,서울 관악구 남부순환로 1610,37.48391017,126.9293081
0,-,패스트푸드,롯데리아,롯데리아 양재동점,서울 서초구 동산로 22,37.46983883,127.0419559
0,-,패스트푸드,롯데리아,롯데리아 노원역점,서울 노원구 상계로 64,37.65579183,127.0622779
0,-,패스트푸드,롯데리아,롯데리아 남성역점,서울 동작구 사당로 200,37.48469364,126.9703951
0,-,패스트푸드,롯데리아,롯데리아 천호역점,서울 강동구 올림픽로 654,37.53985741,127.1240828
0,-,패스트푸드,롯데리아,롯데리아 청량리점,서울 동대문구 왕산로 209,37.58097915,127.0458666
0,-,패스트푸드,롯데리아,롯데리아 명지대학점,서울 서대문구 거북골로 31,37.57957592,126.9243354
0,-,패스트푸드,롯데리아,롯데리아 문정로데오점,서울 송파구 동남로 134,37.49098903,127.1259057
0,-,패스트푸드,롯데리아,롯데리아 서울역사점,서울 중구 한강대로 405,37.55472785,126.9695263
0,-,패스트푸드,롯데리아,롯데리아 답십리점,서울 성동구 천호대로 308,37.56522486,127.0542338
0,-,패스트푸드,롯데리아,롯데리아 목동점,서울 양천구 신목로 72,37.52126053,126.8738344
0,-,패스트푸드,롯데리아,롯데리아 화곡역점,서울 강서구 화곡로 157,37.54157779,126.8391075
0,-,패스트푸드,롯데리아,롯데리아 왕십리역사점,서울 성동구 왕십리광장로 17,37.56144175,127.0383942
0,-,패스트푸드,롯데리아,롯데리아 홍은포방점,서울 서대문구 홍은중앙로 100,37.59917798,126.9483553
0,-,패스트푸드,롯데리아,롯데리아 혜화점,서울 종로구 창경궁로 273,37.58579594,127.0005906
0,-,패스트푸드,롯데리아,롯데리아 이대점,서울 서대문구 이화여대길 59,37.55898815,126.945159
0,-,패스트푸드,롯데리아,롯데리아 대방역점,서울 영등포구 영등포로 416,37.51260852,126.924146
0,-,패스트푸드,롯데리아,롯데리아 개포점,서울 강남구 선릉로 26,37.48224998,127.0614811
0,-,패스트푸드,롯데리아,롯데리아 건대역점,서울 광진구 능동로 110,37.54065794,127.0714119
0,-,패스트푸드,롯데리아,롯데리아 성수역점,서울 성동구 아차산로7길 28,37.54754415,127.0553768
0,-,패스트푸드,롯데리아,롯데리아 염창점,서울 강서구 양천로 657,37.5526491,126.8704097
0,-,패스트푸드,롯데리아,롯데리아 까치산역점,서울 강서구 강서로 35,37.53089137,126.8469545
0,-,패스트푸드,롯데리아,롯데리아 보라매타운점,서울 동작구 보라매로5길 35,37.49209014,126.9235081
0,-,패스트푸드,롯데리아,롯데리아 신방화역점,서울 강서구 마곡중앙5로 81,37.56711708,126.8185972
0,-,패스트푸드,롯데리아,롯데리아 대흥역점,서울 마포구 대흥로 79,37.54748404,126.9412488
0,-,패스트푸드,롯데리아,롯데리아 용산서계점,서울 용산구 만리재로 150-1,37.55239836,126.9639238
0,-,패스트푸드,롯데리아,롯데리아 신곡시장점,서울 양천구 신월로 164,37.51776043,126.842018
0,-,패스트푸드,롯데리아,롯데리아 면목중앙점,서울 중랑구 면목로 415,37.58902387,127.0870941
0,-,패스트푸드,롯데리아,롯데리아 이수역점,서울 동작구 동작대로 129,37.4882918,126.9818829
0,-,패스트푸드,롯데리아,롯데리아 발산역점,서울 강서구 강서로56길 24,37.55937469,126.8400645
0,-,패스트푸드,롯데리아,롯데리아 상봉역점,서울 중랑구 망우로 282-1,37.59568323,127.0839297
0,-,패스트푸드,롯데리아,롯데리아 오류동역점,서울 구로구 경인로20길 10,37.49531287,126.8436936
0,-,패스트푸드,롯데리아,롯데리아 강남일원점,서울 강남구 양재대로55길 21,37.49231449,127.0872764
0,-,패스트푸드,롯데리아,롯데리아 동묘역점,서울 종로구 종로 336,37.57254695,127.0150271
0,-,패스트푸드,롯데리아,롯데리아 중화역점,서울 중랑구 동일로 802,37.60208481,127.0797143
0,-,패스트푸드,롯데리아,롯데리아 사가정역점,서울 중랑구 면목로 333,37.58179186,127.0884473
0,-,패스트푸드,롯데리아,롯데리아 목동사거리점,서울 양천구 등촌로 28,37.53256424,126.8640291
0,-,패스트푸드,롯데리아,롯데리아 마곡역점,서울 강서구 마곡서로 56,37.55900042,126.8239211
0,-,패스트푸드,롯데리아,롯데리아 봉천역점,서울 관악구 남부순환로 1724,37.48217786,126.9416321
0,-,패스트푸드,롯데리아,롯데리아 상암점,서울 마포구 월드컵북로 402,37.58010775,126.8889823
0,-,패스트푸드,롯데리아,롯데리아 외대역점,서울 동대문구 휘경로 5-1,37.59637723,127.0609451
0,-,패스트푸드,롯데리아,롯데리아 후암점,서울 용산구 후암로 54,37.55070296,126.9773506
0,-,패스트푸드,롯데리아,롯데리아 송파하비오점,서울 송파구 송파대로 111,37.47966838,127.1249139
0,-,패스트푸드,롯데리아,롯데리아 미아삼거리점,서울 성북구 도봉로 29,37.61183466,127.0299454
0,-,패스트푸드,롯데리아,롯데리아 소공2호점,서울 중구 남대문로 81,37.5647299,126.9817304
0,-,패스트푸드,롯데리아,롯데리아 구의역점,서울 광진구 아차산로 370,37.53644736,127.0840521
0,-,패스트푸드,롯데리아,롯데리아 녹번점,서울 은평구 은평로 206,37.60107897,126.9305926
0,-,패스트푸드,롯데리아,롯데리아 석계점,서울 노원구 화랑로 325,37.614953,127.0640434
0,-,패스트푸드,롯데리아,롯데리아 송파점,서울 송파구 가락로 164,37.50337615,127.1136458
0,-,패스트푸드,롯데리아,롯데리아 영등포역사점,서울 영등포구 경인로 846,37.51566803,126.907666
0,-,패스트푸드,롯데리아,롯데리아 강동구청DT점,서울 강동구 올림픽로 556,37.53133149,127.121249
0,-,패스트푸드,롯데리아,롯데리아 방배역점,서울 서초구 방배로 96,37.48301459,126.9969448
0,-,패스트푸드,롯데리아,롯데리아 망원점,서울 마포구 월드컵로 85,37.55633495,126.9095278
0,-,패스트푸드,롯데리아,롯데리아 구로시장점,서울 구로구 도림로 73,37.48985501,126.8915111
0,-,패스트푸드,롯데리아,롯데리아 석관점,서울 성북구 돌곶이로 75,37.61008978,127.0574762
0,-,패스트푸드,롯데리아,롯데리아 오금점,서울 송파구 동남로 313,37.50340925,127.1379789
0,-,패스트푸드,롯데리아,롯데리아 잠실새내점,서울 송파구 올림픽로 114,37.51138903,127.083187
0,-,패스트푸드,롯데리아,롯데리아 중랑역점,서울 중랑구 망우로 192,37.59319251,127.0741449
0,-,패스트푸드,롯데리아,롯데리아 한성대입구역점,서울 성북구 동소문로 2,37.58842106,127.0067839
0,-,패스트푸드,롯데리아,롯데리아 개봉역점,서울 구로구 경인로40길 47,37.49452225,126.8591026
0,-,패스트푸드,롯데리아,롯데리아 제기역점,서울 동대문구 왕산로 86,37.57775047,127.0324772
0,-,패스트푸드,롯데리아,롯데리아 시흥중앙점,서울 금천구 금하로 712,37.4508358,126.9088302
0,-,패스트푸드,롯데리아,롯데리아 구파발역점,서울 은평구 진관2로 15-40,37.63808461,126.9191412
0,-,패스트푸드,롯데리아,롯데리아 성대시장점,서울 동작구 상도로 102,37.4999427,126.9317763
0,-,패스트푸드,롯데리아,롯데리아 시흥현대시장점,서울 금천구 독산로 128,37.45875052,126.9053371
0,-,패스트푸드,롯데리아,롯데리아 마들역점,서울 노원구 동일로 1532,37.66530649,127.0579755
0,-,패스트푸드,롯데리아,롯데리아 신당역점,서울 중구 퇴계로 428-1,37.56549459,127.0193164
0,-,패스트푸드,롯데리아,롯데리아 캐슬플라자점,서울 송파구 올림픽로 269,37.51442735,127.1006114
0,-,패스트푸드,롯데리아,롯데리아 용산역사ST점,서울 용산구 한강대로23길 55,37.5297718,126.9647415
0,-,패스트푸드,롯데리아,롯데리아 송파삼전점,서울 송파구 백제고분로 254,37.50232855,127.0945308
0,-,패스트푸드,롯데리아,롯데리아 대림역점,서울 영등포구 도림로 148,37.49359868,126.8984926
0,-,패스트푸드,롯데리아,롯데리아 방이역점,서울 송파구 마천로 25,37.50968404,127.1239072
0,-,패스트푸드,롯데리아,롯데리아 공릉역점,서울 노원구 동일로192길 27,37.6263995,127.0743492
0,-,패스트푸드,롯데리아,롯데리아 화곡시장점,서울 강서구 가로공원로76길 56,37.53453435,126.8378185
0,-,패스트푸드,롯데리아,롯데리아 쌍문역점,서울 도봉구 도봉로 484,37.64861853,127.0350693
0,-,패스트푸드,롯데리아,롯데리아 정릉점,서울 성북구 보국문로8길 4,37.60708668,127.0108196
0,-,패스트푸드,롯데리아,롯데리아 청구역점,서울 중구 다산로 168,37.55844227,127.0130234
0,-,패스트푸드,롯데리아,롯데리아 상일동점,서울 강동구 상일로 33,37.5501767,127.1727127
0,-,패스트푸드,롯데리아,롯데리아 봉천점,서울 관악구 관악로 212,37.48362314,126.9551835
0,-,패스트푸드,롯데리아,롯데리아 구산역점,서울 은평구 연서로 130,37.6102938,126.9172583
0,-,패스트푸드,롯데리아,롯데리아 고덕역점,서울 강동구 동남로73길 26,37.55329884,127.1547829
0,-,패스트푸드,롯데리아,롯데리아 창동역점,서울 도봉구 노해로63길 78,37.6525859,127.0463322
0,-,패스트푸드,롯데리아,롯데리아 세이브마트점,서울 관악구 난곡로 220,37.47428544,126.9180585
0,-,패스트푸드,롯데리아,롯데리아 덕성여대점,서울 강북구 삼양로 507,37.64848732,127.0139275
0,-,패스트푸드,롯데리아,롯데리아 방화점,서울 강서구 양천로 73,37.57372519,126.811826
0,-,패스트푸드,롯데리아,롯데리아 세곡점,서울 강남구 헌릉로 569,37.46575802,127.1012262
0,-,패스트푸드,롯데리아,롯데리아 아차산역점,서울 광진구 천호대로 665,37.55165729,127.0901763
0,-,패스트푸드,롯데리아,롯데리아 암사역점,서울 강동구 올림픽로 792,37.55167622,127.1284155
0,-,패스트푸드,롯데리아,롯데리아 장한평역점,서울 동대문구 천호대로 401,37.56197174,127.0637549
0,-,패스트푸드,롯데리아,롯데리아 강일점,서울 강동구 아리수로93길 33-9,37.56572521,127.1731907
0,-,패스트푸드,롯데리아,롯데리아 상계점,서울 노원구 한글비석로 369,37.65839773,127.0739889
0,-,패스트푸드,롯데리아,롯데리아 월드점,서울 송파구 올림픽로 240,37.51130961,127.0981418
0,-,패스트푸드,롯데리아,롯데리아 뚝섬유원지점,서울 광진구 능동로 7,37.53234073,127.0667714
0,-,패스트푸드,롯데리아,롯데리아 삼양사거리점,서울 강북구 솔샘로 237,37.62004274,127.0191629
0,-,패스트푸드,롯데리아,롯데리아 방학점,서울 도봉구 방학로 173,37.66210118,127.0329187
0,-,패스트푸드,롯데리아,롯데리아 개봉점,서울 구로구 경인로47길 26,37.50064609,126.8666068
0,-,패스트푸드,롯데리아,롯데리아 숭실대입구역점,서울 동작구 상도로 352,37.49698948,126.9526144
0,-,패스트푸드,롯데리아,롯데리아 길음뉴타운점,서울 성북구 길음로7길 6,37.60433181,127.0223838
0,-,패스트푸드,롯데리아,롯데리아 수락산역점,서울 노원구 동일로 1668,37.67713768,127.0555972
0,-,패스트푸드,롯데리아,롯데리아 구로IT점,서울 구로구 디지털로31길 20,37.48552102,126.8943453
0,-,패스트푸드,롯데리아,롯데리아 동대문광장점,서울 종로구 종로 286,37.57085836,127.0103483
0,-,패스트푸드,롯데리아,롯데리아 보문역점,서울 성북구 보문로 99,37.58399292,127.019824
0,-,패스트푸드,롯데리아,롯데리아 금호점,서울 성동구 장터길 23,37.54854437,127.0183962
0,-,패스트푸드,롯데리아,롯데리아 구의점,서울 광진구 강변역로 50,37.53453851,127.0941841
0,-,패스트푸드,롯데리아,롯데리아 장안사거리점,서울 동대문구 답십리로 287,37.57267947,127.0723124
0,-,패스트푸드,롯데리아,롯데리아 롯데몰김포공항점,서울 강서구 하늘길 38,37.57136985,126.8029604
0,-,패스트푸드,롯데리아,롯데리아 보광점,서울 용산구 보광로 24,37.52664698,127.0006559
0,-,패스트푸드,롯데리아,롯데리아 롯데마트서울양평점,서울 영등포구 선유로 138,37.52606589,126.891572
0,-,패스트푸드,롯데리아,롯데리아 구로가산점,서울 금천구 디지털로 188,37.47732723,126.8876762
0,-,패스트푸드,롯데리아,롯데리아 천왕역점,서울 구로구 오리로 1149,37.48660236,126.8382475
0,-,패스트푸드,롯데리아,롯데리아 홈플러스영등포점,서울 영등포구 당산로 42,37.5182397,126.8958802
0,-,패스트푸드,롯데리아,롯데리아 중곡점,서울 광진구 면목로 136,37.56542025,127.0811581
0,-,패스트푸드,롯데리아,롯데리아 홈플러스합정점,서울 마포구 양화로 45,37.5515008,126.9139502
0,-,패스트푸드,롯데리아,롯데리아 건대스타시티점,서울 광진구 아차산로 272,37.53855827,127.0729962
0,-,패스트푸드,롯데리아,롯데리아 홈플러스강서점,서울 강서구 화곡로 398,37.55846996,126.854819
0,-,패스트푸드,롯데리아,롯데리아 망우점,서울 중랑구 봉우재로 239,37.59574276,127.0993977
0,-,패스트푸드,롯데리아,롯데리아 롯데백잠실광장점,서울 송파구 올림픽로 240,37.51130961,127.0981418
0,-,패스트푸드,롯데리아,롯데리아 종암점,서울 성북구 종암로 91,37.59835776,127.0344737
0,-,패스트푸드,롯데리아,롯데리아 GS마트상계점,서울 노원구 한글비석로 471,37.66421164,127.0658389
0,-,패스트푸드,롯데리아,롯데리아 중앙대점,서울 동작구 흑석로 110-1,37.5083114,126.9614437
0,-,패스트푸드,롯데리아,롯데리아 여의도선착장점,서울 영등포구 여의동로 280,37.52496322,126.9390201
0,-,패스트푸드,롯데리아,롯데리아 목동행복한백화점점,서울 양천구 목동동로 309,37.52914353,126.8760086
0,-,패스트푸드,롯데리아,롯데리아 마천점,서울 송파구 마천로 315,37.49516817,127.1509754
0,-,패스트푸드,롯데리아,롯데리아 홈플러스상봉점,서울 중랑구 망우로 353,37.59833282,127.0916241
0,-,패스트푸드,롯데리아,롯데리아 영등포타임스퀘어B2점,서울 영등포구 영중로 15,37.51723326,126.903716
0,-,패스트푸드,롯데리아,롯데리아 김포국제공항국내선청사4층점,서울 강서구 하늘길 112,37.55878415,126.8033553
0,-,패스트푸드,롯데리아,롯데리아 롯데마트행당역점,서울 성동구 행당로 82,37.55480888,127.0273997
0,-,패스트푸드,롯데리아,롯데리아 서울역광장점,서울 용산구 동자동 43-205,37.5523951,126.9710683
0,-,패스트푸드,롯데리아,롯데리아 잠실롯데월드몰B1점,서울 송파구 올림픽로 300,37.51375196,127.1044469
0,-,패스트푸드,롯데리아,롯데리아 청량리역사점,서울 동대문구 왕산로 214,37.58419614,127.0511471
0,-,패스트푸드,롯데리아,롯데리아 가든파이브점,서울 송파구 충민로 66,37.47761484,127.1249618
0,-,패스트푸드,롯데리아,롯데리아 월드컵점,서울 마포구 월드컵로 지하,37.568005,126.8981469
0,-,패스트푸드,롯데리아,롯데리아 수서역사점,서울 강남구 밤고개로 99,37.48541865,127.1045603
0,-,패스트푸드,롯데리아,롯데리아 롯데마트송파점,서울 송파구 중대로 80,37.49176204,127.1178428
0,-,패스트푸드,롯데리아,롯데리아 서울대점,서울 관악구 관악로 1,37.46803806,126.9592943
0,-,패스트푸드,롯데리아,롯데리아 위례중앙점(휴업중),서울 송파구 위례광장로 270,37.47710633,127.1436517
0,-,패스트푸드,롯데리아,롯데리아 홈플러스금천점,서울 금천구 시흥대로 391,37.46866385,126.8968853
0,-,패스트푸드,롯데리아,롯데리아 홈플러스중계점,서울 노원구 동일로204가길 12,37.63985808,127.068668
0,-,패스트푸드,롯데리아,롯데리아 롯데노원점,서울 노원구 동일로 1414,37.65527873,127.0613917
0,-,패스트푸드,롯데리아,롯데리아 강변테크노점,서울 광진구 광나루로56길 85,37.53572518,127.0956922
0,-,패스트푸드,롯데리아,롯데리아,서울 구로구 개봉동 181-13,37.49485291,126.8587176
0,-,패스트푸드,롯데리아,롯데리아 롯데마트삼양점,서울 강북구 삼양로 247,37.62551826,127.017747
0,-,패스트푸드,롯데리아,롯데리아 홈플러스월곡점,서울 성북구 화랑로 76,37.60182774,127.0404635
0,-,패스트푸드,롯데리아,롯데리아 홈플러스방학점,서울 도봉구 도봉로 678,37.66486021,127.0435988
0,-,패스트푸드,롯데리아,롯데리아 키자니아점,서울 송파구 올림픽로 240,37.51130961,127.0981418
0,-,패스트푸드,롯데리아,롯데리아 홈플러스신내점,서울 중랑구 신내로 201,37.6158127,127.0937379
0,-,패스트푸드,롯데리아,롯데리아 NC강서점,서울 강서구 강서로56길 17,37.55993353,126.8404988
0,-,패스트푸드,롯데리아,롯데리아 잠실아이스링크점,서울 송파구 올림픽로 240,37.51130961,127.0981418
0,-,패스트푸드,롯데리아,롯데리아 홈플러스시흥점,서울 금천구 시흥대로 391,37.46866385,126.8968853
0,-,패스트푸드,롯데리아,롯데리아 홈플러스남현점,서울 관악구 과천대로 909,37.4714704,126.9824665
0,-,패스트푸드,롯데리아,롯데리아 청계산입구역,서울 서초구 청계산로 201,37.44750966,127.0561015
0,-,패스트푸드,롯데리아,롯데리아 강변씨네마점,서울 광진구 광나루로56길 85,37.53572518,127.0956922
0,-,패스트푸드,롯데리아,롯데리아 언더랜드점,서울 송파구 올림픽로 240,37.51130961,127.0981418
0,-,패스트푸드,롯데리아,롯데리아 홈플러스강동점,서울 강동구 양재대로 1571,37.54571459,127.1422553
0,-,패스트푸드,롯데리아,롯데리아여의도수영장점,서울 영등포구 여의도동 82-3,37.53380087,126.9190766
